<application>
  <component name="FileTypeManager" version="17">
    <extensionMap>
      <mapping ext="klib" type="ARCHIVE" />
      <mapping pattern="private" type="PLAIN_TEXT" />
      <mapping pattern="网关配置-基础功能" type="PLAIN_TEXT" />
      <mapping pattern="连续数据比较" type="PLAIN_TEXT" />
      <mapping pattern="public" type="PLAIN_TEXT" />
      <mapping ext="tmpl" type="PLAIN_TEXT" />
      <mapping ext="dt" type="PLAIN_TEXT" />
    </extensionMap>
  </component>
</application>