<application>
  <component name="AppStorage">
    <histories>
      <item value="valid" />
      <item value="有效" />
      <item value="有效的" />
      <item value="OPER" />
      <item value="OPERAND" />
      <item value="hakunamatata" />
      <item value="碘伏" />
      <item value="complete" />
      <item value="incomplete" />
      <item value="incomplate" />
      <item value="formula" />
      <item value="公式" />
      <item value="参数" />
      <item value="extra" />
      <item value="多余的" />
      <item value="额外的" />
      <item value="其它的" />
      <item value="其他的" />
      <item value="注册" />
      <item value="自定" />
      <item value="自定义" />
      <item value="模型" />
      <item value="功能" />
      <item value="minimum" />
      <item value="专家" />
      <item value="实例化" />
      <item value="phase" />
      <item value="断面" />
      <item value="section" />
      <item value="切面" />
      <item value="xywh" />
      <item value="coordinate" />
      <item value="坐标" />
      <item value="zuo" />
      <item value="审计" />
      <item value="badger" />
      <item value="蜜獾" />
      <item value="whoever" />
      <item value="everyone" />
      <item value="achieve" />
      <item value="编译环境" />
      <item value="complex" />
      <item value="综合" />
      <item value="摘要" />
      <item value="后缀" />
      <item value="put If Absent" />
      <item value="putIfAbsent" />
      <item value="inheri" />
      <item value="代" />
      <item value="major" />
    </histories>
    <option name="languageScores">
      <map>
        <entry key="CHINESE" value="27" />
        <entry key="ENGLISH" value="27" />
      </map>
    </option>
  </component>
</application>